{
  "defaultSeverity": "error",
  "extends": [
    "tslint:recommended"
  ],
  "jsRules": {
    "no-unused-expression": true
  },
  "rules": {
    "quotemark": [
      true,
      "single"
    ],
    "member-access": false,
    "max-classes-per-file": false,
    "eofline": false,
    "ordered-imports": true,
    "member-ordering": false,
    "interface-name": false,
    "arrow-parens": false,
    "object-literal-sort-keys": false,
    "trailing-comma": false,
    "no-console": false,
    "variable-name": [
      true,
      "allow-snake-case",
      "allow-pascal-case"
    ],
    "semicolon": [
      true,
      "always",
      "ignore-interfaces"
    ]
  }
}